organization,occurredAt,customerId,customerName,serviceLocationId,serviceLocationDescription,containerId,containerDescription,containerContentType,containerCubicYards,level,wasEmptied,emptyOccurredAt,levelAtEmpty,latitude,longitude,positionAccuracy,imageUrl
universityofmaryland,2020-02-25T17:05:50.790Z,,University of Maryland,02,Van Munching Hall,K0V7D3VHWHMN,06,refuse,6,2,,,,38.983604,-76.947868,7.4,https://images.compology.com/1/raw_device_data/9be0485c-6ef7-41ac-ba40-35c578d6fb6a
universityofmaryland,2020-02-25T17:07:10.642Z,,University of Maryland,01,Gosset Football Teamhouse,J6MMBE75XVYA,01,recycle,8,5,,,,38.990074,-76.945716,8.8,https://images.compology.com/1/raw_device_data/5ee542f7-529c-4aef-b40f-8057655bc4ea
universityofmaryland,2020-02-25T17:07:28.666Z,,University of Maryland,05,UM Technology Ventures,7NGF1MRE6SKT,10,refuse,6,5,,,,38.979389,-76.925476,15,https://images.compology.com/1/raw_device_data/f03b058a-5b5b-48c4-947b-992ec92e4971
universityofmaryland,2020-02-25T17:08:14.018Z,,University of Maryland,03,Denton Hall,E5RGSTA85A03,03,recycle,8,40,,,,38.992424,-76.95047,7.4,https://images.compology.com/1/raw_device_data/3514566c-0c74-4609-91cf-a4c5d73708a7
universityofmaryland,2020-02-25T17:08:59.229Z,,University of Maryland,04,Patapsco Building,TBCCR5C8TCBR,08,refuse,8,0,,,,38.976711,-76.925033,5.5,https://images.compology.com/1/raw_device_data/5b4f3137-8c99-4962-ac5c-51d5c2c3658e
universityofmaryland,2020-02-25T17:09:43.186Z,,University of Maryland,03,Denton Hall,Z1Y5KFA5H3NA,04,refuse,6,100,,,,38.992366,-76.950599,5.4,https://images.compology.com/1/raw_device_data/54c74b11-956e-4a1f-98f9-23bebf7336f4
universityofmaryland,2020-02-25T17:10:06.877Z,,University of Maryland,05,UM Technology Ventures,DM5S9RVP4WFG,09,recycle,8,55,,,,38.979415,-76.925407,7.5,https://images.compology.com/1/raw_device_data/582741dc-2c6d-4101-ac79-fc5353587e6e
universityofmaryland,2020-02-25T17:10:59.460Z,,University of Maryland,04,Patapsco Building,QK633SDAVXXC,07,recycle,8,50,,,,38.976554,-76.925453,6.5,https://images.compology.com/1/raw_device_data/1810ba14-0a17-433b-a228-dfeab8a00644
universityofmaryland,2020-02-25T17:11:42.024Z,,University of Maryland,01,Gosset Football Teamhouse,PRP9VRTJQT8V,02,refuse,6,95,,,,38.990146,-76.945701,7.1,https://images.compology.com/1/raw_device_data/21b57d77-cd32-461c-9d87-f5e1fe52b1c0
universityofmaryland,2020-02-25T17:37:31.419Z,,University of Maryland,03,Denton Hall,Z1Y5KFA5H3NA,04,refuse,6,97,f,,,38.992374,-76.950576,11,https://images.compology.com/1/raw_device_data/cd11edb4-eb4b-4a0f-86cf-b9081f3a38d9
universityofmaryland,2020-02-25T17:38:13.662Z,,University of Maryland,05,UM Technology Ventures,DM5S9RVP4WFG,09,recycle,8,60,f,,,38.979309,-76.925476,4,https://images.compology.com/1/raw_device_data/880c1c28-86f7-4543-a110-d41a43910cc7
universityofmaryland,2020-02-25T17:38:19.166Z,,University of Maryland,03,Denton Hall,E5RGSTA85A03,03,recycle,8,45,f,,,38.992424,-76.950584,17,https://images.compology.com/1/raw_device_data/d1501452-05c3-4731-9a6f-56b0a235fa9f
universityofmaryland,2020-02-25T17:38:52.728Z,,University of Maryland,05,UM Technology Ventures,7NGF1MRE6SKT,10,refuse,6,5,f,,,38.979194,-76.925674,13,https://images.compology.com/1/raw_device_data/7f295fd8-a807-4bf3-9ed7-b0e019fabc55
universityofmaryland,2020-02-25T17:40:14.085Z,,University of Maryland,01,Gosset Football Teamhouse,J6MMBE75XVYA,01,recycle,8,5,f,,,38.990127,-76.94577,4.3,https://images.compology.com/1/raw_device_data/0ba38507-530a-4f01-9001-a00afe273de0
universityofmaryland,2020-02-25T17:40:22.574Z,,University of Maryland,04,Patapsco Building,QK633SDAVXXC,07,recycle,8,45,f,,,38.976493,-76.926071,30,https://images.compology.com/1/raw_device_data/1d3bf0e9-4e91-4bce-91ea-4238dbaa7ae9
universityofmaryland,2020-02-25T17:40:29.957Z,,University of Maryland,02,Van Munching Hall,K0V7D3VHWHMN,06,refuse,6,2,f,,,38.98368,-76.947898,8.1,https://images.compology.com/1/raw_device_data/7e344da3-857f-4408-acd1-24dec41343d7
universityofmaryland,2020-02-25T17:40:58.725Z,,University of Maryland,04,Patapsco Building,TBCCR5C8TCBR,08,refuse,8,0,f,,,38.976505,-76.925323,8.5,https://images.compology.com/1/raw_device_data/819c5199-2a99-4077-8118-a98d9a06584f
universityofmaryland,2020-02-25T17:41:44.179Z,,University of Maryland,01,Gosset Football Teamhouse,PRP9VRTJQT8V,02,refuse,6,90,f,,,38.990081,-76.945831,6.8,https://images.compology.com/1/raw_device_data/f6287ac6-ddbc-457e-b963-66b10a6dd1ba
universityofmaryland,2020-02-26T00:55:57.837Z,,University of Maryland,02,Van Munching Hall,K0V7D3VHWHMN,06,refuse,6,12,f,,,38.983779,-76.947708,23,https://images.compology.com/1/raw_device_data/8e562355-b6b2-4f34-a72d-dc272acb98f9
universityofmaryland,2020-02-26T00:58:13.839Z,,University of Maryland,05,UM Technology Ventures,DM5S9RVP4WFG,09,recycle,8,55,f,,,38.97929,-76.925506,8.8,https://images.compology.com/1/raw_device_data/05056425-33fe-4861-883e-b7f12a969b73
universityofmaryland,2020-02-26T00:58:33.172Z,,University of Maryland,04,Patapsco Building,TBCCR5C8TCBR,08,refuse,8,5,f,,,38.976619,-76.925216,7,https://images.compology.com/1/raw_device_data/34f8b521-89fc-4d9f-8f75-9f923368cd4e
universityofmaryland,2020-02-26T00:58:41.625Z,,University of Maryland,04,Patapsco Building,QK633SDAVXXC,07,recycle,8,42,f,,,38.976642,-76.925056,30,https://images.compology.com/1/raw_device_data/ff907343-e4dc-4895-9534-937c9f2fd544
universityofmaryland,2020-02-26T00:59:27.720Z,,University of Maryland,01,Gosset Football Teamhouse,PRP9VRTJQT8V,02,refuse,6,95,f,,,38.990131,-76.94577,5.5,https://images.compology.com/1/raw_device_data/985ffb94-d196-4c02-a9cd-f1ee2e0b6932
universityofmaryland,2020-02-26T00:59:46.607Z,,University of Maryland,03,Denton Hall,E5RGSTA85A03,03,recycle,8,45,f,,,38.992435,-76.950714,17,https://images.compology.com/1/raw_device_data/36b68116-6b5c-4164-add1-a87eb0265df7
universityofmaryland,2020-02-26T00:59:50.292Z,,University of Maryland,03,Denton Hall,Z1Y5KFA5H3NA,04,refuse,6,90,f,,,38.992378,-76.950477,14,https://images.compology.com/1/raw_device_data/e6ba0dcd-1ddc-4d6b-9653-9a547ef0edc9
universityofmaryland,2020-02-26T00:59:59.976Z,,University of Maryland,05,UM Technology Ventures,7NGF1MRE6SKT,10,refuse,6,5,f,,,38.979267,-76.925376,20,https://images.compology.com/1/raw_device_data/4f2f1150-8eb2-4719-906f-c8317e84273f
universityofmaryland,2020-02-26T01:00:28.216Z,,University of Maryland,01,Gosset Football Teamhouse,J6MMBE75XVYA,01,recycle,8,5,f,,,38.990047,-76.9458,5.9,https://images.compology.com/1/raw_device_data/d20cfaa1-3dda-4f6f-92f8-c5b39961259e
universityofmaryland,2020-02-26T02:22:51.633Z,,University of Maryland,02,Van Munching Hall,D7CA3VQWCBEG,05,recycle,6,45,,,,38.983566,-76.947639,5.5,https://images.compology.com/1/raw_device_data/d89298de-2905-4dbd-875c-9e83ae738030
universityofmaryland,2020-02-26T05:55:42.212Z,,University of Maryland,05,UM Technology Ventures,DM5S9RVP4WFG,09,recycle,8,55,f,,,38.979278,-76.925514,12,https://images.compology.com/1/raw_device_data/673b0e80-066e-4f0e-a101-5eafbc42e70f
universityofmaryland,2020-02-26T05:56:33.453Z,,University of Maryland,04,Patapsco Building,QK633SDAVXXC,07,recycle,8,45,f,,,38.976665,-76.925178,12,https://images.compology.com/1/raw_device_data/b056474c-4b3f-4420-a342-237ffdc4e1e2
universityofmaryland,2020-02-26T05:57:49.061Z,,University of Maryland,04,Patapsco Building,TBCCR5C8TCBR,08,refuse,8,5,f,,,38.976516,-76.925247,11,https://images.compology.com/1/raw_device_data/532932e0-a1df-40a5-9157-6bd5c73e2606
universityofmaryland,2020-02-26T06:00:22.389Z,,University of Maryland,02,Van Munching Hall,K0V7D3VHWHMN,06,refuse,6,10,f,,,38.983707,-76.9477,23,https://images.compology.com/1/raw_device_data/f914298a-98cb-4ef6-b4be-67fab17fbcb4
universityofmaryland,2020-02-26T06:06:26.187Z,,University of Maryland,05,UM Technology Ventures,DM5S9RVP4WFG,09,recycle,8,55,f,,,38.979297,-76.925445,10,https://images.compology.com/1/raw_device_data/3c756f54-e3c9-4763-8656-502367cc1645
universityofmaryland,2020-02-26T06:06:54.701Z,,University of Maryland,03,Denton Hall,E5RGSTA85A03,03,recycle,8,45,f,,,38.992515,-76.950538,29,https://images.compology.com/1/raw_device_data/ee3c60d9-6d8d-45a4-93ab-2ff39257952b
universityofmaryland,2020-02-26T06:06:56.935Z,,University of Maryland,02,Van Munching Hall,D7CA3VQWCBEG,05,recycle,6,45,f,,,38.983562,-76.947876,30,https://images.compology.com/1/raw_device_data/6c463361-2b9a-4fdd-bf6e-5296b02fa345
universityofmaryland,2020-02-26T06:06:58.908Z,,University of Maryland,03,Denton Hall,Z1Y5KFA5H3NA,04,refuse,6,90,f,,,38.992488,-76.950798,21,https://images.compology.com/1/raw_device_data/9b899cb6-8a7f-4335-af4b-3e8a76a16b5a
universityofmaryland,2020-02-26T06:08:46.108Z,,University of Maryland,05,UM Technology Ventures,7NGF1MRE6SKT,10,refuse,6,5,f,,,38.97919,-76.925636,19,https://images.compology.com/1/raw_device_data/c139c6e7-860f-41c0-847c-8e7eca179ec6
universityofmaryland,2020-02-26T06:08:46.423Z,,University of Maryland,01,Gosset Football Teamhouse,PRP9VRTJQT8V,02,refuse,6,95,f,,,38.990123,-76.945762,7.1,https://images.compology.com/1/raw_device_data/590c17f9-7640-436f-a762-f60c1804d21f
universityofmaryland,2020-02-26T06:09:41.013Z,,University of Maryland,01,Gosset Football Teamhouse,J6MMBE75XVYA,01,recycle,8,5,f,,,38.990203,-76.94577,6,https://images.compology.com/1/raw_device_data/de5403b2-3de3-4e60-b9f9-e7f690af7391
universityofmaryland,2020-02-26T06:10:09.270Z,,University of Maryland,04,Patapsco Building,TBCCR5C8TCBR,08,refuse,8,5,f,,,38.976299,-76.925529,4.9,https://images.compology.com/1/raw_device_data/7d0a64f8-480b-4e62-8adc-a95c4bb173f5
universityofmaryland,2020-02-26T07:08:53.586Z,,University of Maryland,04,Patapsco Building,QK633SDAVXXC,07,recycle,8,45,f,,,38.976688,-76.925285,22,https://images.compology.com/1/raw_device_data/903fec26-f084-4029-966b-d302a6b1fd9e
universityofmaryland,2020-02-26T09:44:19.638Z,,University of Maryland,01,Gosset Football Teamhouse,J6MMBE75XVYA,01,recycle,8,0,t,2020-02-26T09:44:19.000Z,5,38.990211,-76.945747,6.1,https://images.compology.com/1/raw_device_data/debf14c9-4b37-4f78-958a-924c4a832a7c
universityofmaryland,2020-02-26T09:46:28.613Z,,University of Maryland,03,Denton Hall,E5RGSTA85A03,03,recycle,8,0,t,2020-02-26T09:46:28.000Z,45,38.992309,-76.950607,13,https://images.compology.com/1/raw_device_data/a7da26d5-231c-43b1-9921-503e4fe112b0
universityofmaryland,2020-02-26T11:59:46.434Z,,University of Maryland,02,Van Munching Hall,K0V7D3VHWHMN,06,refuse,6,0,t,2020-02-26T11:59:46.000Z,10,38.983627,-76.94812,23,https://images.compology.com/1/raw_device_data/3ab1424c-79e7-4c4d-997d-97251c3a3c94
universityofmaryland,2020-02-26T12:24:32.676Z,,University of Maryland,02,Van Munching Hall,D7CA3VQWCBEG,05,recycle,6,5,t,2020-02-26T09:15:44.000Z,45,38.98357,-76.947723,6.8,https://images.compology.com/1/raw_device_data/bf829a99-51e4-409c-b83d-286ea752dd40
universityofmaryland,2020-02-26T13:41:51.501Z,,University of Maryland,03,Denton Hall,Z1Y5KFA5H3NA,04,refuse,6,10,t,2020-02-26T13:41:51.000Z,90,38.99242,-76.950721,10,https://images.compology.com/1/raw_device_data/3087f0ac-a783-4244-ab0a-47b19b6dd1f5
universityofmaryland,2020-02-26T14:13:50.156Z,,University of Maryland,05,UM Technology Ventures,DM5S9RVP4WFG,09,recycle,8,0,t,2020-02-26T14:13:50.000Z,55,38.979347,-76.925437,6.5,https://images.compology.com/1/raw_device_data/ce323bf8-eb2c-4950-8011-bbfc3cf246e5
universityofmaryland,2020-02-26T14:16:32.651Z,,University of Maryland,04,Patapsco Building,QK633SDAVXXC,07,recycle,8,0,t,2020-02-26T14:16:32.000Z,45,38.976558,-76.925277,12,https://images.compology.com/1/raw_device_data/0e9b5979-b64c-4081-992c-6eabb954b158
universityofmaryland,2020-02-26T14:35:24.466Z,,University of Maryland,01,Gosset Football Teamhouse,PRP9VRTJQT8V,02,refuse,6,1,t,2020-02-26T10:22:05.000Z,95,38.990181,-76.945739,8.1,https://images.compology.com/1/raw_device_data/30b6e5fe-dbbf-4433-a05f-06c2ad40ba4a
universityofmaryland,2020-02-26T17:36:12.867Z,,University of Maryland,05,UM Technology Ventures,7NGF1MRE6SKT,10,refuse,6,27,f,,,38.97924,-76.925605,22,https://images.compology.com/1/raw_device_data/a3fb4435-4cc9-469d-ad97-40db9226832b
universityofmaryland,2020-02-26T17:36:27.058Z,,University of Maryland,01,Gosset Football Teamhouse,PRP9VRTJQT8V,02,refuse,6,5,f,,,38.990154,-76.945785,9.1,https://images.compology.com/1/raw_device_data/5708f0be-bf09-494a-a18b-5c40d0bc424f
universityofmaryland,2020-02-26T17:36:31.114Z,,University of Maryland,04,Patapsco Building,QK633SDAVXXC,07,recycle,8,0,f,,,38.976402,-76.925422,30,https://images.compology.com/1/raw_device_data/48711ab6-045e-4abc-ba5e-db5e7584bf92
universityofmaryland,2020-02-26T17:36:55.400Z,,University of Maryland,03,Denton Hall,E5RGSTA85A03,03,recycle,8,10,f,,,38.992378,-76.950416,21,https://images.compology.com/1/raw_device_data/65a090ba-36f7-4cf3-b5ad-859d745005f7
universityofmaryland,2020-02-26T17:37:27.562Z,,University of Maryland,01,Gosset Football Teamhouse,J6MMBE75XVYA,01,recycle,8,5,f,,,38.990116,-76.945808,6.1,https://images.compology.com/1/raw_device_data/98b99254-712e-4c0e-b03d-9884159c5fc4
universityofmaryland,2020-02-26T17:37:33.515Z,,University of Maryland,02,Van Munching Hall,K0V7D3VHWHMN,06,refuse,6,,f,,,38.983715,-76.947845,18,https://images.compology.com/1/raw_device_data/f9f88cb6-ecb0-4a60-ac7a-ad81eff63e22
universityofmaryland,2020-02-26T17:38:45.731Z,,University of Maryland,05,UM Technology Ventures,DM5S9RVP4WFG,09,recycle,8,10,f,,,38.979328,-76.925514,6,https://images.compology.com/1/raw_device_data/36e40b0e-f5fe-4581-b970-8b218f2c3200
universityofmaryland,2020-02-26T17:39:36.837Z,,University of Maryland,03,Denton Hall,Z1Y5KFA5H3NA,04,refuse,6,10,f,,,38.99245,-76.950614,6,https://images.compology.com/1/raw_device_data/861be585-6d85-49a0-b6a1-57ebbbb63a98
universityofmaryland,2020-02-26T17:40:12.234Z,,University of Maryland,04,Patapsco Building,TBCCR5C8TCBR,08,refuse,8,5,f,,,38.976341,-76.925735,9.5,https://images.compology.com/1/raw_device_data/3d7504a8-f1b6-43eb-90ec-d9d8b1a100b1
universityofmaryland,2020-02-26T17:40:35.274Z,,University of Maryland,02,Van Munching Hall,D7CA3VQWCBEG,05,recycle,6,5,f,,,38.983615,-76.947685,16,https://images.compology.com/1/raw_device_data/d45ee839-6b77-40b2-bca2-fc88b303a38c
universityofmaryland,2020-02-27T01:05:57.327Z,,University of Maryland,05,UM Technology Ventures,7NGF1MRE6SKT,10,refuse,6,22,f,,,38.979332,-76.925552,18,https://images.compology.com/1/raw_device_data/bbfd757d-7e90-452e-9262-10674d9b872a
universityofmaryland,2020-02-27T01:06:39.767Z,,University of Maryland,02,Van Munching Hall,K0V7D3VHWHMN,06,refuse,6,15,f,,,38.983398,-76.947853,18,https://images.compology.com/1/raw_device_data/774b04fe-bcae-4819-9181-ee5a5e36d706
universityofmaryland,2020-02-27T01:06:47.914Z,,University of Maryland,04,Patapsco Building,TBCCR5C8TCBR,08,refuse,8,7,f,,,38.976493,-76.92527,16,https://images.compology.com/1/raw_device_data/6cd1fce0-900a-410b-bec6-06dd4db4fe09
universityofmaryland,2020-02-27T01:07:31.698Z,,University of Maryland,05,UM Technology Ventures,DM5S9RVP4WFG,09,recycle,8,10,f,,,38.979377,-76.92556,11,https://images.compology.com/1/raw_device_data/f7835f95-8aa6-4414-9745-12fad25bcf38
universityofmaryland,2020-02-27T01:08:00.451Z,,University of Maryland,01,Gosset Football Teamhouse,PRP9VRTJQT8V,02,refuse,6,0,f,,,38.990112,-76.945732,12,https://images.compology.com/1/raw_device_data/571a64b2-dee7-419f-b118-da5c44fa2d2c
universityofmaryland,2020-02-27T01:08:15.403Z,,University of Maryland,03,Denton Hall,Z1Y5KFA5H3NA,04,refuse,6,5,f,,,38.992382,-76.950538,14,https://images.compology.com/1/raw_device_data/c8b3e019-8f2f-4028-8e49-c652df406533
universityofmaryland,2020-02-27T01:08:36.053Z,,University of Maryland,04,Patapsco Building,QK633SDAVXXC,07,recycle,8,5,f,,,38.976512,-76.925392,22,https://images.compology.com/1/raw_device_data/febd5a19-5abf-41dd-9247-52a03d123a6e
universityofmaryland,2020-02-27T01:09:39.814Z,,University of Maryland,01,Gosset Football Teamhouse,J6MMBE75XVYA,01,recycle,8,5,f,,,38.990112,-76.9458,7.5,https://images.compology.com/1/raw_device_data/9b595ac6-c304-4b64-929d-cde5f18c9f10
universityofmaryland,2020-02-27T01:10:02.484Z,,University of Maryland,03,Denton Hall,E5RGSTA85A03,03,recycle,8,5,f,,,38.99242,-76.950744,14,https://images.compology.com/1/raw_device_data/14b5e30e-44c7-466f-bad4-2b712bf1c81f
universityofmaryland,2020-02-27T03:15:27.633Z,,University of Maryland,02,Van Munching Hall,D7CA3VQWCBEG,05,recycle,6,20,f,,,38.983558,-76.947708,12,https://images.compology.com/1/raw_device_data/97028600-7ebb-4b6a-aea5-c2923108186f
universityofmaryland,2020-02-27T06:06:30.480Z,,University of Maryland,04,Patapsco Building,TBCCR5C8TCBR,08,refuse,8,15,f,,,38.976291,-76.92556,5.9,https://images.compology.com/1/raw_device_data/ef8a3e56-f419-4ffd-8397-d140487f6b1a
universityofmaryland,2020-02-27T06:06:35.308Z,,University of Maryland,02,Van Munching Hall,K0V7D3VHWHMN,06,refuse,6,,f,,,38.983818,-76.947753,30,https://images.compology.com/1/raw_device_data/91e8bec7-52cb-4b9f-8303-a7ac60d166b0
universityofmaryland,2020-02-27T06:07:47.128Z,,University of Maryland,03,Denton Hall,E5RGSTA85A03,03,recycle,8,10,f,,,38.992492,-76.95066,25,https://images.compology.com/1/raw_device_data/e6d31d36-82bd-4ee8-a81d-1066be5e1b9e
universityofmaryland,2020-02-27T06:07:48.068Z,,University of Maryland,05,UM Technology Ventures,DM5S9RVP4WFG,09,recycle,8,20,f,,,38.979354,-76.925468,7.9,https://images.compology.com/1/raw_device_data/09b602f3-7709-48b3-97ed-29b16a8eb710
universityofmaryland,2020-02-27T06:08:00.400Z,,University of Maryland,05,UM Technology Ventures,7NGF1MRE6SKT,10,refuse,6,20,f,,,38.979305,-76.925621,24,https://images.compology.com/1/raw_device_data/74c0d8da-baaa-4af6-a0ab-5426f0b884df
universityofmaryland,2020-02-27T06:08:12.475Z,,University of Maryland,03,Denton Hall,Z1Y5KFA5H3NA,04,refuse,6,10,f,,,38.992439,-76.95063,12,https://images.compology.com/1/raw_device_data/b0639bdf-8651-45a0-adcd-fee0a3aff3f3
universityofmaryland,2020-02-27T06:08:22.569Z,,University of Maryland,04,Patapsco Building,QK633SDAVXXC,07,recycle,8,5,f,,,38.976394,-76.925483,8.8,https://images.compology.com/1/raw_device_data/757f9470-bdae-48b4-84e8-21eb5d6be692
universityofmaryland,2020-02-27T06:09:23.430Z,,University of Maryland,01,Gosset Football Teamhouse,PRP9VRTJQT8V,02,refuse,6,5,f,,,38.990203,-76.945663,9.3,https://images.compology.com/1/raw_device_data/f3eddcc3-eac7-4343-b024-951c814bba87
universityofmaryland,2020-02-27T07:09:39.175Z,,University of Maryland,01,Gosset Football Teamhouse,J6MMBE75XVYA,01,recycle,8,5,f,,,38.990215,-76.9458,7,https://images.compology.com/1/raw_device_data/d0d886fb-9e09-43cc-ac18-3c2539d31989
universityofmaryland,2020-02-27T07:14:57.889Z,,University of Maryland,02,Van Munching Hall,D7CA3VQWCBEG,05,recycle,6,10,f,,,38.983734,-76.947662,7.1,https://images.compology.com/1/raw_device_data/ea44829e-5685-4524-ac8d-053b2aa56d29
universityofmaryland,2020-02-27T12:35:33.809Z,,University of Maryland,02,Van Munching Hall,D7CA3VQWCBEG,05,recycle,6,0,t,2020-02-27T12:35:33.000Z,10,38.983562,-76.947822,17,https://images.compology.com/1/raw_device_data/5d8b2a50-79d5-488e-9a34-98fb1be03713
universityofmaryland,2020-02-27T12:50:25.661Z,,University of Maryland,02,Van Munching Hall,K0V7D3VHWHMN,06,refuse,6,0,t,2020-02-27T12:50:25.000Z,15,38.983573,-76.947792,30,https://images.compology.com/1/raw_device_data/8859148f-c2dc-45dd-8c0e-f28a70fcb340
universityofmaryland,2020-02-27T16:15:22.463Z,,University of Maryland,04,Patapsco Building,TBCCR5C8TCBR,08,refuse,8,0,t,2020-02-27T16:15:22.000Z,15,38.976547,-76.92517,12,https://images.compology.com/1/raw_device_data/691909f0-f1a7-4dfb-ba7e-c1096754d2aa
universityofmaryland,2020-02-27T17:37:12.550Z,,University of Maryland,04,Patapsco Building,QK633SDAVXXC,07,recycle,8,5,f,,,38.97644,-76.925498,22,https://images.compology.com/1/raw_device_data/9cb1d4aa-8590-4c39-9e3f-d023e2c7e8db
universityofmaryland,2020-02-27T17:37:18.614Z,,University of Maryland,01,Gosset Football Teamhouse,PRP9VRTJQT8V,02,refuse,6,20,f,,,38.990242,-76.945785,10,https://images.compology.com/1/raw_device_data/4fff7e56-b562-4f14-acc3-c63a72515e1c
universityofmaryland,2020-02-27T17:37:39.474Z,,University of Maryland,02,Van Munching Hall,K0V7D3VHWHMN,06,refuse,6,0,f,,,38.983959,-76.947883,30,https://images.compology.com/1/raw_device_data/4c613d39-003f-41e0-bef5-099fe1e7d0d2
universityofmaryland,2020-02-27T17:37:42.252Z,,University of Maryland,05,UM Technology Ventures,7NGF1MRE6SKT,10,refuse,6,35,f,,,38.979324,-76.925643,21,https://images.compology.com/1/raw_device_data/e4957a85-ede5-4894-967e-6227ca086bfc
universityofmaryland,2020-02-27T17:37:57.593Z,,University of Maryland,01,Gosset Football Teamhouse,J6MMBE75XVYA,01,recycle,8,20,f,,,38.99023,-76.945686,15,https://images.compology.com/1/raw_device_data/dafadd95-9f07-41de-8344-fc46fdfaace0
universityofmaryland,2020-02-27T17:38:01.227Z,,University of Maryland,04,Patapsco Building,TBCCR5C8TCBR,08,refuse,8,0,f,,,38.976486,-76.925468,10,https://images.compology.com/1/raw_device_data/556c8642-bea3-4930-bab7-9276649e3b4e
universityofmaryland,2020-02-27T17:38:32.544Z,,University of Maryland,03,Denton Hall,Z1Y5KFA5H3NA,04,refuse,6,10,f,,,38.992507,-76.950622,19,https://images.compology.com/1/raw_device_data/82cdbffd-60a6-42d5-ba71-35a33cab8aff
universityofmaryland,2020-02-27T17:39:13.868Z,,University of Maryland,05,UM Technology Ventures,DM5S9RVP4WFG,09,recycle,8,25,f,,,38.97924,-76.925552,10,https://images.compology.com/1/raw_device_data/c9659821-674b-470a-b7ea-5c4064a73bb7
universityofmaryland,2020-02-27T17:41:22.136Z,,University of Maryland,03,Denton Hall,E5RGSTA85A03,03,recycle,8,27,f,,,38.992412,-76.950698,16,https://images.compology.com/1/raw_device_data/27a4ea57-ff8c-4855-aa79-b4a56abdb278
universityofmaryland,2020-02-28T01:05:39.215Z,,University of Maryland,01,Gosset Football Teamhouse,J6MMBE75XVYA,01,recycle,8,20,f,,,38.990093,-76.945762,15,https://images.compology.com/1/raw_device_data/f873e68a-0fdd-4221-b5ad-235d22798734
universityofmaryland,2020-02-28T01:06:12.812Z,,University of Maryland,05,UM Technology Ventures,7NGF1MRE6SKT,10,refuse,6,37,f,,,38.979396,-76.92575,27,https://images.compology.com/1/raw_device_data/119a42d2-af1b-4423-ad1d-29b5d6ba4cb6
universityofmaryland,2020-02-28T01:06:24.594Z,,University of Maryland,05,UM Technology Ventures,DM5S9RVP4WFG,09,recycle,8,32,f,,,38.979408,-76.925766,13,https://images.compology.com/1/raw_device_data/955d5ecb-762d-43cd-8eb0-85d9b5fa4e3f
universityofmaryland,2020-02-28T01:06:58.925Z,,University of Maryland,03,Denton Hall,E5RGSTA85A03,03,recycle,8,35,f,,,38.992389,-76.950561,29,https://images.compology.com/1/raw_device_data/2977f8b4-042e-4c2f-a582-0f456e6eb0dd
universityofmaryland,2020-02-28T01:07:21.162Z,,University of Maryland,02,Van Munching Hall,K0V7D3VHWHMN,06,refuse,6,12,f,,,38.983535,-76.947929,20,https://images.compology.com/1/raw_device_data/8cb8abdc-1ba1-402b-b77a-a8543b5d191b
universityofmaryland,2020-02-28T01:07:21.726Z,,University of Maryland,03,Denton Hall,Z1Y5KFA5H3NA,04,refuse,6,12,f,,,38.992351,-76.950828,19,https://images.compology.com/1/raw_device_data/1ace9f3f-09a1-4d83-9ac2-96da599329ce
universityofmaryland,2020-02-28T01:08:47.132Z,,University of Maryland,01,Gosset Football Teamhouse,PRP9VRTJQT8V,02,refuse,6,20,f,,,38.990249,-76.945869,13,https://images.compology.com/1/raw_device_data/8c839da4-5101-4470-9414-e3f29b125955
universityofmaryland,2020-02-28T01:10:17.698Z,,University of Maryland,04,Patapsco Building,QK633SDAVXXC,07,recycle,8,5,f,,,38.976463,-76.925605,14,https://images.compology.com/1/raw_device_data/93526f86-17e9-4635-a147-236c17e28837
universityofmaryland,2020-02-28T01:10:24.080Z,,University of Maryland,04,Patapsco Building,TBCCR5C8TCBR,08,refuse,8,5,f,,,38.976749,-76.925399,17,https://images.compology.com/1/raw_device_data/24e8aac2-c16d-4af7-a361-0a16ea939a29
universityofmaryland,2020-02-28T06:06:56.464Z,,University of Maryland,05,UM Technology Ventures,DM5S9RVP4WFG,09,recycle,8,20,f,,,38.979442,-76.925483,8.8,https://images.compology.com/1/raw_device_data/54ce9aca-1443-4414-93cc-ced418f46a10
universityofmaryland,2020-02-28T06:07:21.347Z,,University of Maryland,01,Gosset Football Teamhouse,PRP9VRTJQT8V,02,refuse,6,20,f,,,38.990181,-76.945816,11,https://images.compology.com/1/raw_device_data/cefc5083-0e1e-482b-9615-6c545e3e16f1
universityofmaryland,2020-02-28T06:08:04.987Z,,University of Maryland,05,UM Technology Ventures,7NGF1MRE6SKT,10,refuse,6,30,f,,,38.979469,-76.925598,24,https://images.compology.com/1/raw_device_data/871ccf0c-7202-4a98-a9d0-7c7b894ea3ca
universityofmaryland,2020-02-28T06:08:05.784Z,,University of Maryland,02,Van Munching Hall,K0V7D3VHWHMN,06,refuse,6,20,f,,,38.984058,-76.947998,25,https://images.compology.com/1/raw_device_data/7dc8f606-4224-4aa8-be4e-6e5f2ddcb080
universityofmaryland,2020-02-28T06:08:07.439Z,,University of Maryland,04,Patapsco Building,QK633SDAVXXC,07,recycle,8,10,f,,,38.976291,-76.925704,13,https://images.compology.com/1/raw_device_data/45d2361e-4458-415b-914e-29e09f33a6b7
universityofmaryland,2020-02-28T06:08:19.792Z,,University of Maryland,03,Denton Hall,E5RGSTA85A03,03,recycle,8,25,f,,,38.992412,-76.950553,28,https://images.compology.com/1/raw_device_data/e6f0f7a4-c96a-48f3-9b80-7b4bc864869a
universityofmaryland,2020-02-28T06:08:58.795Z,,University of Maryland,03,Denton Hall,Z1Y5KFA5H3NA,04,refuse,6,20,f,,,38.992416,-76.950637,23,https://images.compology.com/1/raw_device_data/eafb8f1a-1425-4d28-a6fd-a5911b47d760
universityofmaryland,2020-02-28T06:09:38.068Z,,University of Maryland,04,Patapsco Building,TBCCR5C8TCBR,08,refuse,8,5,f,,,38.976612,-76.925209,14,https://images.compology.com/1/raw_device_data/4a3fcad6-1404-4869-acb7-362be341dea3
universityofmaryland,2020-02-28T06:09:46.756Z,,University of Maryland,01,Gosset Football Teamhouse,J6MMBE75XVYA,01,recycle,8,20,f,,,38.989982,-76.94535,24,https://images.compology.com/1/raw_device_data/6727269f-8c55-4b60-a474-f4493f94c8b3
universityofmaryland,2020-02-28T09:55:20.821Z,,University of Maryland,01,Gosset Football Teamhouse,J6MMBE75XVYA,01,recycle,8,0,t,2020-02-28T09:55:20.000Z,20,38.990215,-76.945564,16,https://images.compology.com/1/raw_device_data/f14244b2-2770-47cb-9a07-865de1db9286
universityofmaryland,2020-02-28T09:57:53.205Z,,University of Maryland,03,Denton Hall,E5RGSTA85A03,03,recycle,8,0,t,2020-02-28T09:57:53.000Z,25,38.992366,-76.950599,24,https://images.compology.com/1/raw_device_data/186e2dce-2784-43fd-9667-4b668e08a19c
universityofmaryland,2020-02-28T13:55:11.250Z,,University of Maryland,02,Van Munching Hall,K0V7D3VHWHMN,06,refuse,6,0,t,2020-02-28T13:55:11.000Z,20,38.983455,-76.947761,16,https://images.compology.com/1/raw_device_data/0d0b6b5b-9747-4530-b45d-b0b82162fbcb
universityofmaryland,2020-02-28T17:36:14.348Z,,University of Maryland,04,Patapsco Building,QK633SDAVXXC,07,recycle,8,17,f,,,38.976444,-76.92546,18,https://images.compology.com/1/raw_device_data/e2d164a7-de1a-442c-b986-347f9978cbc0
universityofmaryland,2020-02-28T17:37:20.018Z,,University of Maryland,02,Van Munching Hall,K0V7D3VHWHMN,06,refuse,6,5,f,,,38.983741,-76.948074,24,https://images.compology.com/1/raw_device_data/f6110c47-4799-403f-af61-447b8770e78f
universityofmaryland,2020-02-28T17:38:56.145Z,,University of Maryland,03,Denton Hall,E5RGSTA85A03,03,recycle,8,5,f,,,38.992408,-76.950668,13,https://images.compology.com/1/raw_device_data/76a12cc5-d86f-4db5-9109-49dd589da5c3
universityofmaryland,2020-02-28T17:39:39.136Z,,University of Maryland,01,Gosset Football Teamhouse,PRP9VRTJQT8V,02,refuse,6,50,f,,,38.990131,-76.945793,13,https://images.compology.com/1/raw_device_data/2f1a9cfb-9937-4892-a3de-49fcc486ca37
universityofmaryland,2020-02-28T17:40:01.685Z,,University of Maryland,01,Gosset Football Teamhouse,J6MMBE75XVYA,01,recycle,8,75,f,,,38.990131,-76.945838,15,https://images.compology.com/1/raw_device_data/ef7c3726-5669-4a49-b103-125a3aa69da2
universityofmaryland,2020-02-28T17:40:04.657Z,,University of Maryland,03,Denton Hall,Z1Y5KFA5H3NA,04,refuse,6,10,f,,,38.992416,-76.950744,20,https://images.compology.com/1/raw_device_data/b9ee88a0-039b-4d98-9fd5-9f8e85e1a7a5
universityofmaryland,2020-02-28T17:40:09.695Z,,University of Maryland,04,Patapsco Building,TBCCR5C8TCBR,08,refuse,8,5,f,,,38.976612,-76.925399,10,https://images.compology.com/1/raw_device_data/2b9d433f-0ec7-4dd0-b989-b604454daa85
universityofmaryland,2020-02-28T17:40:10.788Z,,University of Maryland,05,UM Technology Ventures,7NGF1MRE6SKT,10,refuse,6,45,f,,,38.979366,-76.925651,22,https://images.compology.com/1/raw_device_data/b35dd964-d461-4ffb-8a41-f8a1e5f053fa
universityofmaryland,2020-02-28T17:40:35.666Z,,University of Maryland,05,UM Technology Ventures,DM5S9RVP4WFG,09,recycle,8,62,f,,,38.979373,-76.925552,19,https://images.compology.com/1/raw_device_data/21ba8a8b-1eec-449e-8c34-887100abdbf5
universityofmaryland,2020-02-29T00:36:06.178Z,,University of Maryland,05,UM Technology Ventures,DM5S9RVP4WFG,09,recycle,8,50,f,,,38.979351,-76.925598,12,https://images.compology.com/1/raw_device_data/88ba9dcd-4a9f-4147-9b25-d702368af2b6
universityofmaryland,2020-02-29T00:36:14.562Z,,University of Maryland,03,Denton Hall,Z1Y5KFA5H3NA,04,refuse,6,22,f,,,38.992313,-76.950798,28,https://images.compology.com/1/raw_device_data/efab5e36-fe25-4fa8-aa26-9a4057464986
universityofmaryland,2020-02-29T00:36:16.455Z,,,,,K0V7D3VHWHMN,06,refuse,6,,f,,,,,,https://images.compology.com/1/raw_device_data/00d4bbdd-0166-45f5-9b83-35133a3c6604
universityofmaryland,2020-02-29T00:37:37.667Z,,University of Maryland,01,Gosset Football Teamhouse,PRP9VRTJQT8V,02,refuse,6,45,f,,,38.990181,-76.945793,17,https://images.compology.com/1/raw_device_data/424a86da-a67d-4674-9597-7b74475a9ad6
universityofmaryland,2020-02-29T00:38:00.370Z,,University of Maryland,04,Patapsco Building,TBCCR5C8TCBR,08,refuse,8,15,f,,,38.976642,-76.925354,23,https://images.compology.com/1/raw_device_data/f66a1b62-b874-4a03-a096-3354124f5ded
universityofmaryland,2020-02-29T00:38:02.033Z,,University of Maryland,01,Gosset Football Teamhouse,J6MMBE75XVYA,01,recycle,8,60,f,,,38.990123,-76.945869,16,https://images.compology.com/1/raw_device_data/27555a19-ebd9-4340-b5ec-94db4175360a
universityofmaryland,2020-02-29T00:38:44.023Z,,University of Maryland,04,Patapsco Building,QK633SDAVXXC,07,recycle,8,40,f,,,38.976673,-76.925399,19,https://images.compology.com/1/raw_device_data/3c8f47b3-b55a-40ca-b7bd-fdfa13eefc81
universityofmaryland,2020-02-29T00:39:33.939Z,,University of Maryland,03,Denton Hall,E5RGSTA85A03,03,recycle,8,20,f,,,38.992309,-76.950988,23,https://images.compology.com/1/raw_device_data/0984a445-86df-4fa9-aac7-55ebbe83d698
universityofmaryland,2020-02-29T00:40:18.360Z,,University of Maryland,05,UM Technology Ventures,7NGF1MRE6SKT,10,refuse,6,42,f,,,38.979175,-76.925941,26,https://images.compology.com/1/raw_device_data/c2d61f27-ebb1-49da-8c79-5d65ec141b07
universityofmaryland,2020-02-29T04:16:15.334Z,,University of Maryland,05,UM Technology Ventures,7NGF1MRE6SKT,10,refuse,6,45,f,,,38.979507,-76.92543,30,https://images.compology.com/1/raw_device_data/bf33c9ec-fcee-4422-9865-1b602b344384
universityofmaryland,2020-02-29T04:16:36.093Z,,University of Maryland,03,Denton Hall,Z1Y5KFA5H3NA,04,refuse,6,20,f,,,38.992496,-76.950767,17,https://images.compology.com/1/raw_device_data/b4efe4d7-d125-4428-af48-b7621f6b6aab
universityofmaryland,2020-02-29T04:17:19.987Z,,University of Maryland,02,Van Munching Hall,K0V7D3VHWHMN,06,refuse,6,7,f,,,38.983749,-76.947731,14,https://images.compology.com/1/raw_device_data/e5d70ad6-7bb3-4efa-be4b-0c4df1c0dbaa
universityofmaryland,2020-02-29T04:19:17.744Z,,University of Maryland,04,Patapsco Building,TBCCR5C8TCBR,08,refuse,8,12,f,,,38.976451,-76.925338,14,https://images.compology.com/1/raw_device_data/a12ffc86-e93c-4db9-80b6-297a7df90810
universityofmaryland,2020-02-29T04:19:18.753Z,,University of Maryland,01,Gosset Football Teamhouse,J6MMBE75XVYA,01,recycle,8,60,f,,,38.990215,-76.945762,13,https://images.compology.com/1/raw_device_data/b6a8b1c5-177e-434c-8fce-b1ff1d7136c0
universityofmaryland,2020-02-29T04:19:39.788Z,,University of Maryland,05,UM Technology Ventures,DM5S9RVP4WFG,09,recycle,8,50,f,,,38.979373,-76.925498,14,https://images.compology.com/1/raw_device_data/99f7beb6-c7e5-4b2b-8203-31cd17cef9b4
universityofmaryland,2020-02-29T04:20:02.856Z,,University of Maryland,01,Gosset Football Teamhouse,PRP9VRTJQT8V,02,refuse,6,40,f,,,38.990192,-76.945846,19,https://images.compology.com/1/raw_device_data/9711bf57-fd52-4551-befa-20a712a69881
universityofmaryland,2020-02-29T04:20:12.792Z,,University of Maryland,04,Patapsco Building,QK633SDAVXXC,07,recycle,8,40,f,,,38.976779,-76.925643,17,https://images.compology.com/1/raw_device_data/74b179a1-9dc9-4995-bdbb-30ce198f5d57
universityofmaryland,2020-02-29T04:29:42.219Z,,University of Maryland,02,Van Munching Hall,D7CA3VQWCBEG,05,recycle,6,5,f,,,38.983726,-76.947723,15,https://images.compology.com/1/raw_device_data/35f79385-7db0-4e4a-8ab3-777d486ee057
universityofmaryland,2020-02-29T05:16:53.153Z,,University of Maryland,03,Denton Hall,E5RGSTA85A03,03,recycle,8,25,f,,,38.992382,-76.950706,12,https://images.compology.com/1/raw_device_data/af9b6fb7-a73e-44e4-a0d9-193917093ef5
universityofmaryland,2020-02-29T10:27:05.629Z,,University of Maryland,04,Patapsco Building,TBCCR5C8TCBR,08,refuse,8,0,t,2020-02-29T10:27:05.000Z,12,38.97657,-76.925254,26,https://images.compology.com/1/raw_device_data/88ac76c3-248f-4506-a4ef-d7b080d097a5
universityofmaryland,2020-02-29T10:30:08.168Z,,University of Maryland,05,UM Technology Ventures,7NGF1MRE6SKT,10,refuse,6,0,t,2020-02-29T10:30:08.000Z,45,38.979278,-76.925598,26,https://images.compology.com/1/raw_device_data/1bcde3ca-d2e0-424e-8678-fb2e176ed740
universityofmaryland,2020-02-29T11:39:12.184Z,,University of Maryland,02,Van Munching Hall,K0V7D3VHWHMN,06,refuse,6,0,t,2020-02-29T11:39:12.000Z,7,38.983837,-76.947547,27,https://images.compology.com/1/raw_device_data/9c370ee9-34ba-4b1f-8d4e-706f89ea2569
universityofmaryland,2020-02-29T13:06:27.465Z,,University of Maryland,01,Gosset Football Teamhouse,PRP9VRTJQT8V,02,refuse,6,0,t,2020-02-29T13:06:27.000Z,40,38.99007,-76.945686,15,https://images.compology.com/1/raw_device_data/e46541b0-25ae-498a-a02c-9f9d4147d8c3
universityofmaryland,2020-02-29T13:51:53.258Z,,University of Maryland,03,Denton Hall,Z1Y5KFA5H3NA,04,refuse,6,0,t,2020-02-29T13:51:53.000Z,20,38.992496,-76.950515,14,https://images.compology.com/1/raw_device_data/1fe06ff5-774b-4c85-8ad1-01c36ab78182
universityofmaryland,2020-02-29T18:57:01.208Z,,University of Maryland,01,Gosset Football Teamhouse,J6MMBE75XVYA,01,recycle,8,60,f,,,38.990283,-76.94609,28,https://images.compology.com/1/raw_device_data/3098ff76-cd4b-4d58-afa8-867c28cfa52a
universityofmaryland,2020-02-29T18:57:01.970Z,,University of Maryland,04,Patapsco Building,QK633SDAVXXC,07,recycle,8,40,f,,,38.976478,-76.925766,30,https://images.compology.com/1/raw_device_data/572527f7-8052-46d1-876c-b2747182f26e
universityofmaryland,2020-02-29T18:57:21.946Z,,University of Maryland,05,UM Technology Ventures,DM5S9RVP4WFG,09,recycle,8,45,f,,,38.979297,-76.925582,17,https://images.compology.com/1/raw_device_data/bb69dd15-9a23-44e7-8cf1-f92bf51f4045
universityofmaryland,2020-02-29T18:58:04.083Z,,University of Maryland,03,Denton Hall,E5RGSTA85A03,03,recycle,8,15,f,,,38.992298,-76.950614,25,https://images.compology.com/1/raw_device_data/9bbb2edf-8a80-468f-8689-6170b328614f
universityofmaryland,2020-02-29T18:58:40.485Z,,University of Maryland,04,Patapsco Building,TBCCR5C8TCBR,08,refuse,8,0,f,,,38.976558,-76.925598,18,https://images.compology.com/1/raw_device_data/d150174e-e97e-42ef-a70d-d5954e070a59
universityofmaryland,2020-02-29T18:58:42.189Z,,University of Maryland,02,Van Munching Hall,K0V7D3VHWHMN,06,refuse,6,0,f,,,38.983814,-76.94786,21,https://images.compology.com/1/raw_device_data/23d4650c-c54c-4722-8907-a2da525b5ed6
universityofmaryland,2020-02-29T18:58:51.827Z,,University of Maryland,05,UM Technology Ventures,7NGF1MRE6SKT,10,refuse,6,0,f,,,38.97908,-76.926178,25,https://images.compology.com/1/raw_device_data/6773c50c-aba3-4fdc-b941-adc43231fcef
universityofmaryland,2020-02-29T18:58:56.331Z,,University of Maryland,01,Gosset Football Teamhouse,PRP9VRTJQT8V,02,refuse,6,0,f,,,38.990173,-76.945854,14,https://images.compology.com/1/raw_device_data/870e38bc-6f1f-4190-9af3-ef3a8aa9137b
universityofmaryland,2020-02-29T19:00:03.095Z,,University of Maryland,03,Denton Hall,Z1Y5KFA5H3NA,04,refuse,6,0,f,,,38.992317,-76.950706,7.3,https://images.compology.com/1/raw_device_data/7187869f-7bb9-43b4-a300-25c4e8e6c42c
universityofmaryland,2020-02-29T19:00:10.579Z,,University of Maryland,02,Van Munching Hall,D7CA3VQWCBEG,05,recycle,6,12,f,,,38.983745,-76.947891,27,https://images.compology.com/1/raw_device_data/ee4538c3-3683-4f2b-b74f-4a3799f8b439
universityofmaryland,2020-02-29T23:35:55.172Z,,University of Maryland,02,Van Munching Hall,D7CA3VQWCBEG,05,recycle,6,30,f,,,38.983585,-76.94799,17,https://images.compology.com/1/raw_device_data/f4bc6a0c-a11a-40de-bf7b-622cbf98878e
universityofmaryland,2020-02-29T23:36:34.907Z,,University of Maryland,05,UM Technology Ventures,DM5S9RVP4WFG,09,recycle,8,65,f,,,38.979259,-76.925498,16,https://images.compology.com/1/raw_device_data/65177b73-0d11-45d5-ba03-5e34450bbd67
universityofmaryland,2020-02-29T23:37:15.438Z,,University of Maryland,04,Patapsco Building,TBCCR5C8TCBR,08,refuse,8,0,f,,,38.976459,-76.925781,21,https://images.compology.com/1/raw_device_data/819f3f83-b729-4f70-890e-a8e573d70299
universityofmaryland,2020-02-29T23:37:35.984Z,,University of Maryland,03,Denton Hall,E5RGSTA85A03,03,recycle,8,30,f,,,38.992248,-76.950569,24,https://images.compology.com/1/raw_device_data/ee568d85-d4e1-4b18-909a-65848682a742
universityofmaryland,2020-02-29T23:38:27.255Z,,University of Maryland,05,UM Technology Ventures,7NGF1MRE6SKT,10,refuse,6,0,f,,,38.979248,-76.925781,28,https://images.compology.com/1/raw_device_data/6ddc85c2-cb3d-48f4-ad7b-40c95525ade3
universityofmaryland,2020-02-29T23:38:39.536Z,,University of Maryland,04,Patapsco Building,QK633SDAVXXC,07,recycle,8,45,f,,,38.976524,-76.925354,24,https://images.compology.com/1/raw_device_data/dc120727-a8a3-42dd-8250-5beed27fdb88
universityofmaryland,2020-02-29T23:38:57.164Z,,University of Maryland,02,Van Munching Hall,K0V7D3VHWHMN,06,refuse,6,,f,,,38.983528,-76.94783,24,https://images.compology.com/1/raw_device_data/c8d43fed-4cfe-4a84-aeeb-1cb77ceb0765
universityofmaryland,2020-02-29T23:39:43.307Z,,University of Maryland,03,Denton Hall,Z1Y5KFA5H3NA,04,refuse,6,5,f,,,38.99234,-76.950782,17,https://images.compology.com/1/raw_device_data/8a7ff960-9275-428e-8ace-2288ae5a7d3e
universityofmaryland,2020-02-29T23:40:09.453Z,,University of Maryland,01,Gosset Football Teamhouse,J6MMBE75XVYA,01,recycle,8,65,f,,,38.990097,-76.945922,24,https://images.compology.com/1/raw_device_data/0b839dbe-267c-4232-9870-bf3118ca6ee6
universityofmaryland,2020-02-29T23:40:10.494Z,,University of Maryland,01,Gosset Football Teamhouse,PRP9VRTJQT8V,02,refuse,6,5,f,,,38.990047,-76.945694,15,https://images.compology.com/1/raw_device_data/79e64e72-6d6f-4824-9e40-6a206b97c256
universityofmaryland,2020-03-01T04:15:49.572Z,,University of Maryland,05,UM Technology Ventures,DM5S9RVP4WFG,09,recycle,8,47,f,,,38.979362,-76.925392,17,https://images.compology.com/1/raw_device_data/976e11af-370e-4ce2-a09a-512be0818f8b
universityofmaryland,2020-03-01T04:15:58.668Z,,University of Maryland,05,UM Technology Ventures,7NGF1MRE6SKT,10,refuse,6,0,f,,,38.979133,-76.925605,25,https://images.compology.com/1/raw_device_data/5081a8e8-2bfe-4e61-bd0d-e9a9230a8c2f
universityofmaryland,2020-03-01T04:16:07.016Z,,University of Maryland,02,Van Munching Hall,K0V7D3VHWHMN,06,refuse,6,,f,,,38.983879,-76.947662,26,https://images.compology.com/1/raw_device_data/311500fd-7d87-4ae0-baa2-6ea80e7529a7
universityofmaryland,2020-03-01T04:16:13.450Z,,University of Maryland,01,Gosset Football Teamhouse,J6MMBE75XVYA,01,recycle,8,62,f,,,38.990272,-76.9458,20,https://images.compology.com/1/raw_device_data/bc9e8f34-adbc-4faf-a744-e543ff5956aa
universityofmaryland,2020-03-01T04:16:55.652Z,,University of Maryland,02,Van Munching Hall,D7CA3VQWCBEG,05,recycle,6,7,f,,,38.983818,-76.947685,26,https://images.compology.com/1/raw_device_data/32701783-4f83-45f1-bcdb-3e1f4271ca70
universityofmaryland,2020-03-01T04:17:40.489Z,,University of Maryland,04,Patapsco Building,TBCCR5C8TCBR,08,refuse,8,2,f,,,38.976532,-76.925491,27,https://images.compology.com/1/raw_device_data/162f0d17-7249-4f98-b544-870712f29e19
universityofmaryland,2020-03-01T04:17:41.871Z,,University of Maryland,04,Patapsco Building,QK633SDAVXXC,07,recycle,8,42,f,,,38.976806,-76.925437,26,https://images.compology.com/1/raw_device_data/0472f022-4ef2-4eee-a7db-bf45ca678379
universityofmaryland,2020-03-01T04:18:20.944Z,,University of Maryland,03,Denton Hall,Z1Y5KFA5H3NA,04,refuse,6,5,f,,,38.992687,-76.95066,18,https://images.compology.com/1/raw_device_data/8effef21-b7c5-4d50-b0fc-ecd2df9e4732
universityofmaryland,2020-03-01T04:19:39.765Z,,University of Maryland,01,Gosset Football Teamhouse,PRP9VRTJQT8V,02,refuse,6,5,f,,,38.990196,-76.945701,13,https://images.compology.com/1/raw_device_data/c13cab6d-8cf2-4687-a636-84476efe6273
universityofmaryland,2020-03-01T04:19:49.240Z,,University of Maryland,03,Denton Hall,E5RGSTA85A03,03,recycle,8,30,f,,,38.992378,-76.950683,27,https://images.compology.com/1/raw_device_data/a9f7b448-ce92-452e-b799-891d58ca11ce
universityofmaryland,2020-03-01T18:57:11.771Z,,University of Maryland,03,Denton Hall,Z1Y5KFA5H3NA,04,refuse,6,50,f,,,38.992198,-76.950996,28,https://images.compology.com/1/raw_device_data/c5607bbf-0082-4f05-9cdb-1836dce4b18a
universityofmaryland,2020-03-01T18:57:52.338Z,,University of Maryland,01,Gosset Football Teamhouse,J6MMBE75XVYA,01,recycle,8,70,f,,,38.990253,-76.945945,19,https://images.compology.com/1/raw_device_data/9c5626e5-16d5-462e-832e-d5c791eae689
universityofmaryland,2020-03-01T18:59:07.620Z,,University of Maryland,02,Van Munching Hall,K0V7D3VHWHMN,06,refuse,6,0,f,,,38.983421,-76.94767,28,https://images.compology.com/1/raw_device_data/23fa2159-5f8a-4ea9-a724-c4a099f3d860
universityofmaryland,2020-03-01T19:00:03.769Z,,University of Maryland,05,UM Technology Ventures,7NGF1MRE6SKT,10,refuse,6,0,f,,,38.979419,-76.925498,20,https://images.compology.com/1/raw_device_data/45e5960e-b20b-4c7e-a1b1-d41f8fecf4c6
universityofmaryland,2020-03-01T19:00:05.152Z,,University of Maryland,05,UM Technology Ventures,DM5S9RVP4WFG,09,recycle,8,35,f,,,38.979396,-76.925727,25,https://images.compology.com/1/raw_device_data/4913e747-356e-44c2-89bd-7e9be41f1c57
universityofmaryland,2020-03-01T19:00:07.765Z,,University of Maryland,04,Patapsco Building,TBCCR5C8TCBR,08,refuse,8,5,f,,,38.976551,-76.925682,21,https://images.compology.com/1/raw_device_data/ccdc346e-6653-473b-95ad-672338e281da
universityofmaryland,2020-03-01T19:00:24.693Z,,University of Maryland,02,Van Munching Hall,D7CA3VQWCBEG,05,recycle,6,10,f,,,38.98381,-76.947868,29,https://images.compology.com/1/raw_device_data/28cb5a99-0b5d-4c5c-a458-f6d9e94bb9f6
universityofmaryland,2020-03-01T19:00:37.185Z,,University of Maryland,01,Gosset Football Teamhouse,PRP9VRTJQT8V,02,refuse,6,5,f,,,38.990268,-76.945991,22,https://images.compology.com/1/raw_device_data/4361dc23-6b1d-42c0-82b7-b40cda3b59c3
universityofmaryland,2020-03-01T19:01:15.427Z,,University of Maryland,03,Denton Hall,E5RGSTA85A03,03,recycle,8,50,f,,,38.992454,-76.950981,30,https://images.compology.com/1/raw_device_data/3211a29e-0db7-4e3a-85de-e2923b388435
universityofmaryland,2020-03-01T19:01:21.610Z,,University of Maryland,04,Patapsco Building,QK633SDAVXXC,07,recycle,8,35,f,,,38.976474,-76.925842,26,https://images.compology.com/1/raw_device_data/9cd9fafe-a300-4831-a4e0-c6b55c47773b
universityofmaryland,2020-03-01T23:35:38.544Z,,University of Maryland,02,Van Munching Hall,K0V7D3VHWHMN,06,refuse,6,,f,,,38.983509,-76.947776,25,https://images.compology.com/1/raw_device_data/2b245bd8-f7b0-40d3-bb73-43202133a83d
universityofmaryland,2020-03-01T23:37:26.450Z,,University of Maryland,05,UM Technology Ventures,7NGF1MRE6SKT,10,refuse,6,0,f,,,38.979373,-76.925453,30,https://images.compology.com/1/raw_device_data/7770cf51-12fe-46e9-ad87-4267f44b2606
universityofmaryland,2020-03-01T23:38:19.698Z,,University of Maryland,03,Denton Hall,E5RGSTA85A03,03,recycle,8,65,f,,,38.992137,-76.950561,28,https://images.compology.com/1/raw_device_data/154e3cff-904a-466b-b49a-e1ad64d26de4
universityofmaryland,2020-03-01T23:38:24.138Z,,University of Maryland,02,Van Munching Hall,D7CA3VQWCBEG,05,recycle,6,15,f,,,38.983573,-76.947837,20,https://images.compology.com/1/raw_device_data/35daced3-e462-430a-a954-0595ddc46ee4
universityofmaryland,2020-03-01T23:38:46.559Z,,University of Maryland,01,Gosset Football Teamhouse,PRP9VRTJQT8V,02,refuse,6,10,f,,,38.990207,-76.945884,22,https://images.compology.com/1/raw_device_data/01be8475-379c-4d2c-bc7e-8a11584f7d02
universityofmaryland,2020-03-01T23:38:55.234Z,,University of Maryland,04,Patapsco Building,QK633SDAVXXC,07,recycle,8,40,f,,,38.976455,-76.925865,29,https://images.compology.com/1/raw_device_data/a408df3d-7829-46d0-a674-0e36d789e9ef
universityofmaryland,2020-03-01T23:39:03.351Z,,University of Maryland,05,UM Technology Ventures,DM5S9RVP4WFG,09,recycle,8,52,f,,,38.979267,-76.925628,19,https://images.compology.com/1/raw_device_data/b0f103c6-5e6b-45a7-af09-59073bed4704
universityofmaryland,2020-03-01T23:39:10.931Z,,University of Maryland,01,Gosset Football Teamhouse,J6MMBE75XVYA,01,recycle,8,75,f,,,38.990207,-76.9458,22,https://images.compology.com/1/raw_device_data/24941c86-09f4-4dbc-8b1b-bccc9fcdeead
universityofmaryland,2020-03-01T23:39:35.543Z,,University of Maryland,03,Denton Hall,Z1Y5KFA5H3NA,04,refuse,6,40,f,,,38.99224,-76.95082,27,https://images.compology.com/1/raw_device_data/58d3457a-266e-4b73-b3e7-41a8f49b9484
universityofmaryland,2020-03-01T23:40:04.016Z,,University of Maryland,04,Patapsco Building,TBCCR5C8TCBR,08,refuse,8,2,f,,,38.976417,-76.925399,22,https://images.compology.com/1/raw_device_data/7bd8444b-d6e5-4c6a-bf98-ba14843a0fb1
universityofmaryland,2020-03-02T04:15:34.603Z,,University of Maryland,03,Denton Hall,Z1Y5KFA5H3NA,04,refuse,6,42,f,,,38.992431,-76.9505,23,https://images.compology.com/1/raw_device_data/1a118b9a-e416-4cc1-a3ec-a1cf4e4eb50f
universityofmaryland,2020-03-02T04:15:54.014Z,,University of Maryland,04,Patapsco Building,TBCCR5C8TCBR,08,refuse,8,2,f,,,38.97676,-76.925415,25,https://images.compology.com/1/raw_device_data/c7dcda16-f8da-4315-be77-b3d887a443a2
universityofmaryland,2020-03-02T04:16:01.132Z,,University of Maryland,04,Patapsco Building,QK633SDAVXXC,07,recycle,8,42,f,,,38.976692,-76.925392,23,https://images.compology.com/1/raw_device_data/c1da9bc5-4827-4b04-bfc9-a3eda5165f1f
universityofmaryland,2020-03-02T04:16:16.486Z,,University of Maryland,05,UM Technology Ventures,DM5S9RVP4WFG,09,recycle,8,45,f,,,38.979377,-76.925422,23,https://images.compology.com/1/raw_device_data/359f3566-cf96-4d04-9079-fb871f1a0780
universityofmaryland,2020-03-02T04:17:14.109Z,,University of Maryland,01,Gosset Football Teamhouse,J6MMBE75XVYA,01,recycle,8,62,f,,,38.990188,-76.945709,22,https://images.compology.com/1/raw_device_data/309c2e34-ad36-4c5c-a74f-0f60ce24c91c
universityofmaryland,2020-03-02T04:17:58.061Z,,University of Maryland,05,UM Technology Ventures,7NGF1MRE6SKT,10,refuse,6,0,f,,,38.979438,-76.925415,27,https://images.compology.com/1/raw_device_data/40400751-4605-4063-a2c7-8f64426721ac
universityofmaryland,2020-03-02T04:18:14.015Z,,University of Maryland,03,Denton Hall,E5RGSTA85A03,03,recycle,8,50,f,,,38.992225,-76.950721,23,https://images.compology.com/1/raw_device_data/01a8c95f-3067-4ae5-b81e-043ed688f975
universityofmaryland,2020-03-02T04:19:39.323Z,,University of Maryland,02,Van Munching Hall,D7CA3VQWCBEG,05,recycle,6,10,f,,,38.983776,-76.947586,27,https://images.compology.com/1/raw_device_data/e5a2d7e3-cced-4e54-887d-844c0cd748c2
universityofmaryland,2020-03-02T04:19:39.632Z,,University of Maryland,02,Van Munching Hall,K0V7D3VHWHMN,06,refuse,6,,f,,,38.983974,-76.947654,23,https://images.compology.com/1/raw_device_data/fd68a7f5-e684-47a9-9659-e2ec6c557bc0
universityofmaryland,2020-03-02T04:19:54.589Z,,University of Maryland,01,Gosset Football Teamhouse,PRP9VRTJQT8V,02,refuse,6,10,f,,,38.990112,-76.945678,28,https://images.compology.com/1/raw_device_data/5e7821cb-f659-4a2d-9b02-006adeec3389
universityofmaryland,2020-03-02T10:02:09.548Z,,University of Maryland,01,Gosset Football Teamhouse,J6MMBE75XVYA,01,recycle,8,0,t,2020-03-02T10:02:09.000Z,62,38.990196,-76.945831,24,https://images.compology.com/1/raw_device_data/022bcf5e-7302-4752-8c6b-1b31e86c5ce3
universityofmaryland,2020-03-02T10:04:22.913Z,,University of Maryland,03,Denton Hall,E5RGSTA85A03,03,recycle,8,0,t,2020-03-02T10:04:22.000Z,50,38.99253,-76.950782,29,https://images.compology.com/1/raw_device_data/c2bb6549-f628-408e-be96-ddb1c2d01b61
universityofmaryland,2020-03-02T13:24:08.914Z,,University of Maryland,02,Van Munching Hall,K0V7D3VHWHMN,06,refuse,6,0,f,,,38.983463,-76.947776,28,https://images.compology.com/1/raw_device_data/2bf13920-f928-4424-9816-5c67dde997be
universityofmaryland,2020-03-02T14:03:44.002Z,,University of Maryland,02,Van Munching Hall,D7CA3VQWCBEG,05,recycle,6,0,f,,,38.983444,-76.947723,12,https://images.compology.com/1/raw_device_data/bb24f80c-b816-455c-a7eb-fbc9c76ff9c3
universityofmaryland,2020-03-02T17:07:47.322Z,,University of Maryland,02,Van Munching Hall,K0V7D3VHWHMN,06,refuse,6,5,f,,,38.983589,-76.948005,26,https://images.compology.com/1/raw_device_data/a55416e9-5ee2-4f90-800a-8f0cb3723e6a
universityofmaryland,2020-03-02T17:10:42.575Z,,University of Maryland,01,Gosset Football Teamhouse,J6MMBE75XVYA,01,recycle,8,5,f,,,38.990196,-76.945922,21,https://images.compology.com/1/raw_device_data/3180dd78-58f9-4662-bf57-71777335559f
universityofmaryland,2020-03-02T17:10:43.482Z,,University of Maryland,03,Denton Hall,E5RGSTA85A03,03,recycle,8,20,f,,,38.992221,-76.950607,28,https://images.compology.com/1/raw_device_data/65f9bae8-3e66-4903-aac0-43ca08de44bf
universityofmaryland,2020-03-02T18:58:39.583Z,,University of Maryland,04,Patapsco Building,TBCCR5C8TCBR,08,refuse,8,5,f,,,38.976516,-76.925529,23,https://images.compology.com/1/raw_device_data/26a52c13-cc8d-419c-821b-eebe38f10dd8
universityofmaryland,2020-03-02T18:59:43.649Z,,University of Maryland,01,Gosset Football Teamhouse,PRP9VRTJQT8V,02,refuse,6,55,f,,,38.990055,-76.945922,26,https://images.compology.com/1/raw_device_data/29cee944-6b4c-4ea5-8f62-e2902bb12b60
universityofmaryland,2020-03-02T18:59:52.833Z,,University of Maryland,05,UM Technology Ventures,7NGF1MRE6SKT,10,refuse,6,10,f,,,38.979709,-76.925239,20,https://images.compology.com/1/raw_device_data/1ebb2b30-9f31-4e1e-ab4c-2eb5a7bc26a9
universityofmaryland,2020-03-02T19:00:16.795Z,,University of Maryland,03,Denton Hall,Z1Y5KFA5H3NA,04,refuse,6,60,f,,,38.992374,-76.950622,9.6,https://images.compology.com/1/raw_device_data/609f0bd1-fa5e-4f6c-80e7-efb99cc83373
universityofmaryland,2020-03-02T19:00:19.887Z,,University of Maryland,04,Patapsco Building,QK633SDAVXXC,07,recycle,8,55,f,,,38.976348,-76.925842,25,https://images.compology.com/1/raw_device_data/7a5a1100-889b-4568-81fb-1c72d6308fa5
universityofmaryland,2020-03-02T19:00:46.514Z,,University of Maryland,05,UM Technology Ventures,DM5S9RVP4WFG,09,recycle,8,85,f,,,38.979354,-76.925682,26,https://images.compology.com/1/raw_device_data/651a49b3-de0d-4d02-97d2-ada9b0171bf8
universityofmaryland,2020-03-02T19:15:07.772Z,,University of Maryland,02,Van Munching Hall,D7CA3VQWCBEG,05,recycle,6,10,f,,,38.983833,-76.947784,20,https://images.compology.com/1/raw_device_data/a893f147-311a-4f1e-b842-2dd440ef8cae
universityofmaryland,2020-03-02T23:36:05.244Z,,University of Maryland,02,Van Munching Hall,K0V7D3VHWHMN,06,refuse,6,7,f,,,38.983528,-76.947982,27,https://images.compology.com/1/raw_device_data/f430fb71-5261-4424-ab3f-3c40017ec2e8
universityofmaryland,2020-03-02T23:36:27.307Z,,University of Maryland,03,Denton Hall,E5RGSTA85A03,03,recycle,8,25,f,,,38.99226,-76.95082,30,https://images.compology.com/1/raw_device_data/f433671d-e96b-4fdc-a8f1-034a8b53d193
universityofmaryland,2020-03-02T23:36:41.405Z,,University of Maryland,03,Denton Hall,Z1Y5KFA5H3NA,04,refuse,6,50,f,,,38.99229,-76.950775,23,https://images.compology.com/1/raw_device_data/7a41d16b-288d-455d-a0c4-fe4cf1b99e18
universityofmaryland,2020-03-02T23:36:55.788Z,,University of Maryland,01,Gosset Football Teamhouse,PRP9VRTJQT8V,02,refuse,6,52,f,,,38.990154,-76.94593,27,https://images.compology.com/1/raw_device_data/1487ea9a-5b05-41d6-b87f-41ff88174edd
universityofmaryland,2020-03-02T23:36:57.214Z,,University of Maryland,02,Van Munching Hall,D7CA3VQWCBEG,05,recycle,6,5,f,,,38.983684,-76.947738,27,https://images.compology.com/1/raw_device_data/d1231359-f94e-48b5-aac8-e98d6ecf87d3
universityofmaryland,2020-03-02T23:37:35.908Z,,University of Maryland,04,Patapsco Building,TBCCR5C8TCBR,08,refuse,8,5,f,,,38.976249,-76.925727,27,https://images.compology.com/1/raw_device_data/9b20302b-ac25-47e4-aeac-65c9e74e6944
universityofmaryland,2020-03-02T23:38:15.797Z,,University of Maryland,05,UM Technology Ventures,7NGF1MRE6SKT,10,refuse,6,10,f,,,38.979183,-76.925796,25,https://images.compology.com/1/raw_device_data/37f03e1f-3384-4304-aa07-1f9647cbe42d
universityofmaryland,2020-03-02T23:38:53.294Z,,University of Maryland,05,UM Technology Ventures,DM5S9RVP4WFG,09,recycle,8,85,f,,,38.979492,-76.925766,24,https://images.compology.com/1/raw_device_data/996dfac2-8317-4148-b683-e66c19fe719d
universityofmaryland,2020-03-02T23:39:10.671Z,,University of Maryland,04,Patapsco Building,QK633SDAVXXC,07,recycle,8,40,f,,,38.976562,-76.925643,27,https://images.compology.com/1/raw_device_data/b508e84a-a770-4130-9137-b442161e56a8
universityofmaryland,2020-03-02T23:39:49.572Z,,University of Maryland,01,Gosset Football Teamhouse,J6MMBE75XVYA,01,recycle,8,5,f,,,38.990066,-76.945861,20,https://images.compology.com/1/raw_device_data/b8ca04b7-7a1a-4187-bb50-5f4e8b000cf4
universityofmaryland,2020-03-03T04:17:20.771Z,,University of Maryland,04,Patapsco Building,TBCCR5C8TCBR,08,refuse,8,7,f,,,38.97644,-76.925331,28,https://images.compology.com/1/raw_device_data/d0d632f5-4686-4c19-a8e7-51fee78967c6
universityofmaryland,2020-03-03T04:18:07.748Z,,University of Maryland,05,UM Technology Ventures,7NGF1MRE6SKT,10,refuse,6,5,f,,,38.979248,-76.925529,30,https://images.compology.com/1/raw_device_data/4931faf4-3e5d-4d91-85a2-0e3cfe8a86ef
universityofmaryland,2020-03-03T04:18:32.179Z,,University of Maryland,03,Denton Hall,E5RGSTA85A03,03,recycle,8,15,f,,,38.992378,-76.95047,25,https://images.compology.com/1/raw_device_data/7460a13f-13ac-41a0-b953-a391c0793167
universityofmaryland,2020-03-03T04:18:36.634Z,,University of Maryland,01,Gosset Football Teamhouse,J6MMBE75XVYA,01,recycle,8,7,f,,,38.990192,-76.945655,26,https://images.compology.com/1/raw_device_data/3f9e9a1c-f43d-4f9d-bdc8-76fc0f686f4d
universityofmaryland,2020-03-03T04:19:13.475Z,,University of Maryland,04,Patapsco Building,QK633SDAVXXC,07,recycle,8,40,f,,,38.976577,-76.925491,30,https://images.compology.com/1/raw_device_data/f5b36fc9-1953-41df-8288-ec653030c4c7
universityofmaryland,2020-03-03T04:19:14.649Z,,University of Maryland,05,UM Technology Ventures,DM5S9RVP4WFG,09,recycle,8,56,f,,,38.979454,-76.925491,27,https://images.compology.com/1/raw_device_data/b19fa790-b025-415e-967b-83ddb6ca88f3
universityofmaryland,2020-03-03T04:19:51.131Z,,University of Maryland,02,Van Munching Hall,D7CA3VQWCBEG,05,recycle,6,10,f,,,38.983619,-76.94757,28,https://images.compology.com/1/raw_device_data/1fe9e6b8-9216-4eae-870e-7277171c5d97
universityofmaryland,2020-03-03T04:19:59.770Z,,University of Maryland,01,Gosset Football Teamhouse,PRP9VRTJQT8V,02,refuse,6,55,f,,,38.990261,-76.945808,27,https://images.compology.com/1/raw_device_data/56908bc8-c364-4ad6-ad4f-40d030d75cac
universityofmaryland,2020-03-03T04:20:39.603Z,,University of Maryland,03,Denton Hall,Z1Y5KFA5H3NA,04,refuse,6,50,f,,,38.992378,-76.950584,28,https://images.compology.com/1/raw_device_data/64faf46e-25fa-462a-b346-7712b4825b80
universityofmaryland,2020-03-03T10:36:56.105Z,,University of Maryland,01,Gosset Football Teamhouse,PRP9VRTJQT8V,02,refuse,6,,f,,,38.990173,-76.945686,29,https://images.compology.com/1/raw_device_data/2473bb52-9edc-42dd-9b81-e1a426e9539a
universityofmaryland,2020-03-03T15:29:46.049Z,,University of Maryland,04,Patapsco Building,QK633SDAVXXC,07,recycle,8,5,t,2020-03-03T15:29:46.000Z,40,38.976905,-76.925399,29,https://images.compology.com/1/raw_device_data/af9ea8e1-8379-4c72-99d0-34e2c5cefb0f
universityofmaryland,2020-03-03T15:35:23.973Z,,University of Maryland,05,UM Technology Ventures,DM5S9RVP4WFG,09,recycle,8,0,t,2020-03-03T15:35:23.000Z,56,38.979053,-76.925582,24,https://images.compology.com/1/raw_device_data/0f05fa54-6665-448e-a284-ebe954d15620
universityofmaryland,2020-03-03T16:06:30.657Z,,University of Maryland,03,Denton Hall,Z1Y5KFA5H3NA,04,refuse,6,50,f,,,38.99237,-76.950744,26,https://images.compology.com/1/raw_device_data/cc12c3f2-aac2-4358-b871-1e1abe86ab4e
universityofmaryland,2020-03-03T16:07:14.450Z,,University of Maryland,03,Denton Hall,E5RGSTA85A03,03,recycle,8,26,f,,,38.992172,-76.950599,29,https://images.compology.com/1/raw_device_data/932a3411-dfab-4300-a972-2230d675a5ec
universityofmaryland,2020-03-03T16:08:45.248Z,,University of Maryland,05,UM Technology Ventures,DM5S9RVP4WFG,09,recycle,8,0,f,,,38.979095,-76.925468,17,https://images.compology.com/1/raw_device_data/ccfed39a-9711-4b4a-99fc-5aa2b6b35649
universityofmaryland,2020-03-03T16:09:34.220Z,,University of Maryland,04,Patapsco Building,TBCCR5C8TCBR,08,refuse,8,7,f,,,38.976406,-76.92572,23,https://images.compology.com/1/raw_device_data/fe2e010c-3e67-4514-a7a0-55c5a6e8bcf2
universityofmaryland,2020-03-03T16:09:40.648Z,,University of Maryland,04,Patapsco Building,QK633SDAVXXC,07,recycle,8,0,f,,,38.976509,-76.925537,15,https://images.compology.com/1/raw_device_data/4732d96e-f07d-4912-8194-88897bea0ecf
universityofmaryland,2020-03-03T16:09:46.021Z,,University of Maryland,01,Gosset Football Teamhouse,PRP9VRTJQT8V,02,refuse,6,45,f,,,38.989883,-76.945716,25,https://images.compology.com/1/raw_device_data/3525278a-fe27-447c-8f8f-46c95e1c0236
universityofmaryland,2020-03-03T16:09:59.020Z,,University of Maryland,05,UM Technology Ventures,7NGF1MRE6SKT,10,refuse,6,5,f,,,38.978843,-76.925621,29,https://images.compology.com/1/raw_device_data/f77d5b76-a322-4a7f-ba72-1b078fa9a08b
universityofmaryland,2020-03-03T16:10:26.507Z,,University of Maryland,01,Gosset Football Teamhouse,J6MMBE75XVYA,01,recycle,8,5,f,,,38.989978,-76.945755,23,https://images.compology.com/1/raw_device_data/4045a551-830a-45f8-ba7f-587523eb2b50
universityofmaryland,2020-03-03T20:41:26.968Z,,University of Maryland,02,Van Munching Hall,D7CA3VQWCBEG,05,recycle,6,5,f,,,38.983665,-76.947746,27,https://images.compology.com/1/raw_device_data/82921504-fa53-4d45-9df4-ebac149fc7f0
universityofmaryland,2020-03-03T23:35:34.421Z,,University of Maryland,03,Denton Hall,E5RGSTA85A03,03,recycle,8,42,f,,,38.992286,-76.950439,26,https://images.compology.com/1/raw_device_data/528c8d8a-de06-4dd3-ab5b-6683f8bd06e3
universityofmaryland,2020-03-03T23:35:54.009Z,,University of Maryland,01,Gosset Football Teamhouse,J6MMBE75XVYA,01,recycle,8,10,f,,,38.990161,-76.94593,27,https://images.compology.com/1/raw_device_data/9e6cab4b-6ac9-4b49-b154-c41a78ef1a0c
universityofmaryland,2020-03-03T23:36:17.897Z,,University of Maryland,01,Gosset Football Teamhouse,PRP9VRTJQT8V,02,refuse,6,47,f,,,38.989997,-76.945831,28,https://images.compology.com/1/raw_device_data/0159207a-d407-4937-b577-43571e91cba9
universityofmaryland,2020-03-03T23:37:28.213Z,,University of Maryland,05,UM Technology Ventures,DM5S9RVP4WFG,09,recycle,8,2,f,,,38.979118,-76.925659,30,https://images.compology.com/1/raw_device_data/086453bc-1fc3-460a-8b6d-bee27c9ffae2
universityofmaryland,2020-03-03T23:38:11.021Z,,University of Maryland,05,UM Technology Ventures,7NGF1MRE6SKT,10,refuse,6,10,f,,,38.978977,-76.92575,27,https://images.compology.com/1/raw_device_data/b9262f71-1966-4365-9674-9322a64aad43
universityofmaryland,2020-03-03T23:38:23.911Z,,University of Maryland,04,Patapsco Building,QK633SDAVXXC,07,recycle,8,0,f,,,38.976482,-76.925392,30,https://images.compology.com/1/raw_device_data/d48dbcce-e58b-4d35-9995-c898dfcce2e6
universityofmaryland,2020-03-03T23:40:29.908Z,,University of Maryland,04,Patapsco Building,TBCCR5C8TCBR,08,refuse,8,15,f,,,38.976123,-76.925407,30,https://images.compology.com/1/raw_device_data/d729d31c-171a-4c52-8bf8-060a836e2225
universityofmaryland,2020-03-04T00:38:50.227Z,,University of Maryland,03,Denton Hall,Z1Y5KFA5H3NA,04,refuse,6,45,f,,,38.99237,-76.950706,6.6,https://images.compology.com/1/raw_device_data/59392aa4-6beb-4b4b-bdfe-9b6c5aa5c4c4
universityofmaryland,2020-03-04T00:43:28.335Z,,University of Maryland,02,Van Munching Hall,D7CA3VQWCBEG,05,recycle,6,12,f,,,38.983593,-76.947746,26,https://images.compology.com/1/raw_device_data/81d34a3f-7d94-4898-8caa-eae664772de3
universityofmaryland,2020-03-04T04:15:41.196Z,,University of Maryland,01,Gosset Football Teamhouse,PRP9VRTJQT8V,02,refuse,6,50,f,,,38.990074,-76.945648,5.9,https://images.compology.com/1/raw_device_data/84bbb913-0f7f-47d6-bb0c-f8aa5d3492fe
universityofmaryland,2020-03-04T04:16:36.607Z,,University of Maryland,05,UM Technology Ventures,DM5S9RVP4WFG,09,recycle,8,2,f,,,38.979488,-76.925483,5,https://images.compology.com/1/raw_device_data/3c2580b4-0f98-46e9-930b-b256e7a12049
universityofmaryland,2020-03-04T04:16:45.858Z,,University of Maryland,01,Gosset Football Teamhouse,J6MMBE75XVYA,01,recycle,8,10,f,,,38.990097,-76.945739,2.5,https://images.compology.com/1/raw_device_data/4602ff2d-2265-4860-90f1-b92d02bd89ad
universityofmaryland,2020-03-04T04:17:28.011Z,,University of Maryland,02,Van Munching Hall,D7CA3VQWCBEG,05,recycle,6,10,f,,,38.983673,-76.947799,27,https://images.compology.com/1/raw_device_data/6ffeabdf-9505-41d1-bb66-58521ffcf5c8
universityofmaryland,2020-03-04T04:17:41.787Z,,University of Maryland,04,Patapsco Building,QK633SDAVXXC,07,recycle,8,0,f,,,38.976711,-76.925506,3,https://images.compology.com/1/raw_device_data/0cebd6b8-19ef-4451-b3cb-85abaa4cd37f
universityofmaryland,2020-03-04T04:18:32.569Z,,University of Maryland,03,Denton Hall,Z1Y5KFA5H3NA,04,refuse,6,45,f,,,38.992359,-76.950668,18,https://images.compology.com/1/raw_device_data/f72327fa-9b92-4c20-8946-731ddaa23339
universityofmaryland,2020-03-04T04:19:26.671Z,,University of Maryland,05,UM Technology Ventures,7NGF1MRE6SKT,10,refuse,6,20,f,,,38.979122,-76.925369,21,https://images.compology.com/1/raw_device_data/3d25fa3e-5fec-4b74-b468-15185e60bde9
universityofmaryland,2020-03-04T04:19:47.707Z,,University of Maryland,03,Denton Hall,E5RGSTA85A03,03,recycle,8,42,f,,,38.992313,-76.950592,8.6,https://images.compology.com/1/raw_device_data/061bdffc-2967-45d3-a3c9-909fb8837254
universityofmaryland,2020-03-04T04:20:31.378Z,,University of Maryland,04,Patapsco Building,TBCCR5C8TCBR,08,refuse,8,27,f,,,38.976696,-76.925201,7.5,https://images.compology.com/1/raw_device_data/f31e224b-48b2-4c66-bd71-8d4da75f2cdc
universityofmaryland,2020-03-04T09:55:46.170Z,,University of Maryland,01,Gosset Football Teamhouse,J6MMBE75XVYA,01,recycle,8,0,t,2020-03-04T09:55:46.000Z,10,38.990184,-76.945831,12,https://images.compology.com/1/raw_device_data/0cea2c17-568e-42bd-a765-62b28094ec9f
universityofmaryland,2020-03-04T09:57:54.403Z,,University of Maryland,03,Denton Hall,E5RGSTA85A03,03,recycle,8,0,t,2020-03-04T09:57:54.000Z,42,38.992195,-76.950729,20,https://images.compology.com/1/raw_device_data/16cfedb1-6a81-4397-bed2-d5245a44431f
universityofmaryland,2020-03-04T17:26:38.540Z,,University of Maryland,04,Patapsco Building,TBCCR5C8TCBR,08,refuse,8,15,f,,,38.976459,-76.925437,18,https://images.compology.com/1/raw_device_data/ff067239-c424-499f-a6d7-44820f81cb8f
universityofmaryland,2020-03-04T17:27:03.055Z,,University of Maryland,05,UM Technology Ventures,DM5S9RVP4WFG,09,recycle,8,5,f,,,38.979312,-76.925514,6.1,https://images.compology.com/1/raw_device_data/ff8e5743-0e66-4d29-94b4-133171779459
universityofmaryland,2020-03-04T17:27:13.635Z,,University of Maryland,03,Denton Hall,Z1Y5KFA5H3NA,04,refuse,6,60,f,,,38.99242,-76.950485,15,https://images.compology.com/1/raw_device_data/8db94ee8-b3ee-4437-95cf-5a117fbd6cdf
universityofmaryland,2020-03-04T17:28:17.931Z,,University of Maryland,01,Gosset Football Teamhouse,J6MMBE75XVYA,01,recycle,8,7,f,,,38.990139,-76.94564,10,https://images.compology.com/1/raw_device_data/69134a4d-7fe1-4f2e-9414-27d4f64e8414
universityofmaryland,2020-03-04T17:29:16.684Z,,University of Maryland,05,UM Technology Ventures,7NGF1MRE6SKT,10,refuse,6,20,f,,,38.97829,-76.926254,26,https://images.compology.com/1/raw_device_data/f3090d25-120c-490d-86f7-e30772c5e547
universityofmaryland,2020-03-04T17:30:06.014Z,,University of Maryland,03,Denton Hall,E5RGSTA85A03,03,recycle,8,30,f,,,38.992385,-76.950569,11,https://images.compology.com/1/raw_device_data/c4af46bf-f45d-4c0f-8bc8-c304129d4acb
universityofmaryland,2020-03-04T17:30:15.962Z,,University of Maryland,04,Patapsco Building,QK633SDAVXXC,07,recycle,8,2,f,,,38.976619,-76.925262,5.8,https://images.compology.com/1/raw_device_data/ba34d9cb-a45b-4ca2-8928-7bd0a0d3a079
universityofmaryland,2020-03-04T17:30:47.136Z,,University of Maryland,01,Gosset Football Teamhouse,PRP9VRTJQT8V,02,refuse,6,75,f,,,38.990089,-76.945777,7.1,https://images.compology.com/1/raw_device_data/6a2eefd7-035b-4f54-ae34-7295bbf1a14a
